<strings>
	<string id="AppName">Discord Webhook</string>
	<string id="webhookUrl">Webhook URL</string>
	<string id="webhookUrl1">Webhook URL1</string>
	<string id="webhookUrl2">Webhook URL2</string>
	<string id="webhookUrl3">Webhook URL3</string>
	<string id="username">Username</string>
	<string id="avatarUrl">Avatar URL</string>
	<string id="content">Content</string>
	<string id="label">Send Webhook</string>
	<string id="HomeTitle">Home</string>
	<string id="label1">label1</string>
	<string id="label2">label2</string>
	<string id="label3">label3</string>
	<string id="Prompt">Press the menu\nbutton to start</string>

<string id="MainMenuTitle">Main Menu</string>

<string id="MenuLabel1">Webhook1</string>

<string id="MenuLabel2">Webhook2 </string>

<string id="MenuLabel3">Webhook3 </string>
	
</strings>
