<!-- This is a generated file. It is highly recommended that you DO NOT edit this file. --><iq:manifest xmlns:iq="http://www.garmin.com/xml/connectiq" version="3">
    <iq:application entry="DiscordWebhookApp" id="18a8ad677b294c1dab1bac4807413643" launcherIcon="@Drawables.LauncherIcon" name="@Strings.AppName" type="widget" version="0.0.3">
        <iq:products>
            <iq:product id="fr245"/>
            <iq:product id="fr645"/>
            <iq:product id="fr935"/>
            <iq:product id="fr945"/>
            <iq:product id="instinct2"/>
            <iq:product id="vivoactive3"/>
            <iq:product id="vivoactive3d"/>
            <iq:product id="vivoactive3m"/>
            <iq:product id="vivoactive3mlte"/>
            <iq:product id="vivoactive_hr"/>
        </iq:products>
        <iq:permissions>
            <iq:uses-permission id="Communications"/>
        </iq:permissions>
        <iq:languages>
            <iq:language>eng</iq:language>
        </iq:languages>
        <iq:barrels/>
    </iq:application>
</iq:manifest>
