<resources>
	<properties>
        <property id="webhookUrl" type="string">https:/discord.com/api/webhooks/example/example</property>
		<property id="webhookUrl1" type="string">https:/discord.com/api/webhooks/example/example</property>
		<property id="webhookUrl2" type="string">https:/discord.com/api/webhooks/example/example</property>
		<property id="webhookUrl3" type="string">https:/discord.com/api/webhooks/example/example</property>
		<property id="username" type="string">TextBot</property>
		<property id="avatarUrl" type="string">https://example.com/image.png</property>
		<property id="content" type="string">content</property>
		</properties>
	<settings>
		<setting propertyKey="@Properties.webhookUrl1" title="@Strings.webhookUrl1">
			<settingConfig type="url" />
		</setting>
		<setting propertyKey="@Properties.webhookUrl2" title="@Strings.webhookUrl2">
			<settingConfig type="url" />
		</setting>
		<setting propertyKey="@Properties.webhookUrl3" title="@Strings.webhookUrl3">
			<settingConfig type="url" />
		</setting>
		<setting propertyKey="@Properties.username" title="@Strings.username">
			<settingConfig type="alphaNumeric" />
		</setting>
		<setting propertyKey="@Properties.avatarUrl" title="@Strings.avatarUrl">
			<settingConfig type="url" />
		</setting>
		<setting propertyKey="@Properties.content" title="@Strings.content">
			<settingConfig type="alphaNumeric"/>

		</setting>
	</settings>
</resources>